DATETIMEDATA,PM25
2024-03-13 00:00:00,19.675706692695623
2024-03-13 01:00:00,19.019197341251374
2024-03-13 02:00:00,18.229644280719757
2024-03-13 03:00:00,17.83162253427505
2024-03-13 04:00:00,17.33097666292191
2024-03-13 05:00:00,17.367595250129703
2024-03-13 06:00:00,19.766441470813753
2024-03-13 07:00:00,21.912367748737335
2024-03-13 08:00:00,21.359878671455384
2024-03-13 09:00:00,20.89257342748642
2024-03-13 10:00:00,20.419455168914798
2024-03-13 11:00:00,20.43550735759735
2024-03-13 12:00:00,19.790293360710145
2024-03-13 13:00:00,19.806133350181582
2024-03-13 14:00:00,19.564635565376285
2024-03-13 15:00:00,19.686078238773344
2024-03-13 16:00:00,18.974494059753418
2024-03-13 17:00:00,19.648572328376765
2024-03-13 18:00:00,19.742867142105105
2024-03-13 19:00:00,20.837314726066587
2024-03-13 20:00:00,20.57668926057816
2024-03-13 21:00:00,19.36278834133148
2024-03-13 22:00:00,19.9373095659256
2024-03-13 23:00:00,20.15318363552094
2024-03-14 00:00:00,18.518716104888917
2024-03-14 01:00:00,17.667885184955598
2024-03-14 02:00:00,16.506380152893065
2024-03-14 03:00:00,16.17868457908631
2024-03-14 04:00:00,16.40551700897217
2024-03-14 05:00:00,16.927474317741396
2024-03-14 06:00:00,18.721506341934212
2024-03-14 07:00:00,19.8346623837471
2024-03-14 08:00:00,20.87957361116409
2024-03-14 09:00:00,20.634187457656864
2024-03-14 10:00:00,20.182817004966736
2024-03-14 11:00:00,19.937627516174317
2024-03-14 12:00:00,19.632011138534548
2024-03-14 13:00:00,19.91811600227356
2024-03-14 14:00:00,19.347003599357606
2024-03-14 15:00:00,19.041616990566254
2024-03-14 16:00:00,19.36249446525574
2024-03-14 17:00:00,19.703641105937958
2024-03-14 18:00:00,20.045503342628482
2024-03-14 19:00:00,21.225683389568324
2024-03-14 20:00:00,20.951635322475433
2024-03-14 21:00:00,19.568631156444546
2024-03-14 22:00:00,20.34788714466095
2024-03-14 23:00:00,20.014045807647705
2024-03-15 00:00:00,17.691407378292084
2024-03-15 01:00:00,17.73865222129822
2024-03-15 02:00:00,17.267387664604186
2024-03-15 03:00:00,16.813665009498596
2024-03-15 04:00:00,16.51440455236435
2024-03-15 05:00:00,17.491569930839546
2024-03-15 06:00:00,19.38238734998703
2024-03-15 07:00:00,20.599399897480016
2024-03-15 08:00:00,20.74515565500259
2024-03-15 09:00:00,19.439738068389882
2024-03-15 10:00:00,18.376709140586854
2024-03-15 11:00:00,17.340212687873844
2024-03-15 12:00:00,16.448821409893032
2024-03-15 13:00:00,16.28366894264221
2024-03-15 14:00:00,16.08198094358444
2024-03-15 15:00:00,16.029045814514156
2024-03-15 16:00:00,17.32240994930267
2024-03-15 17:00:00,17.86354333944321
2024-03-15 18:00:00,18.683040227317814
2024-03-15 19:00:00,19.661637988948826
2024-03-15 20:00:00,19.810967290687554
2024-03-15 21:00:00,19.1793282708168
2024-03-15 22:00:00,19.136782951736446
2024-03-15 23:00:00,18.778011647892
2024-03-16 00:00:00,17.40053070201874
2024-03-16 01:00:00,17.225588473606116
2024-03-16 02:00:00,16.9113031247139
2024-03-16 03:00:00,16.5859831366539
2024-03-16 04:00:00,17.18168800992966
2024-03-16 05:00:00,18.456131155967718
2024-03-16 06:00:00,20.572732087612152
2024-03-16 07:00:00,20.896194932079315
2024-03-16 08:00:00,21.480188940048215
2024-03-16 09:00:00,19.436950151443483
2024-03-16 10:00:00,18.87306344871521
2024-03-16 11:00:00,17.642492804431914
2024-03-16 12:00:00,16.99663525915146
2024-03-16 13:00:00,16.55289258117676
2024-03-16 14:00:00,16.51332948350906
2024-03-16 15:00:00,16.463434344291688
2024-03-16 16:00:00,17.608494643974304
2024-03-16 17:00:00,18.255362223911284
2024-03-16 18:00:00,19.266018927192693
2024-03-16 19:00:00,19.540705241203305
2024-03-16 20:00:00,19.72951905612945
2024-03-16 21:00:00,19.3038075088501
2024-03-16 22:00:00,19.500774762248994
2024-03-16 23:00:00,18.55967346534729
2024-03-17 00:00:00,18.193728944492335
2024-03-17 01:00:00,18.075513825130464
2024-03-17 02:00:00,17.46878848514557
2024-03-17 03:00:00,17.457486290454867
2024-03-17 04:00:00,18.701743777751922
2024-03-17 05:00:00,19.67148691482544
2024-03-17 06:00:00,21.867120232391358
2024-03-17 07:00:00,21.70719040384292
2024-03-17 08:00:00,21.717908567047115
2024-03-17 09:00:00,20.50395063362122
2024-03-17 10:00:00,19.275383414173128
2024-03-17 11:00:00,18.49808856601715
2024-03-17 12:00:00,17.75906421985626
2024-03-17 13:00:00,17.461950841045383
2024-03-17 14:00:00,17.174877504634864
2024-03-17 15:00:00,17.229472599887846
2024-03-17 16:00:00,17.8929420624733
2024-03-17 17:00:00,18.877920021533967
2024-03-17 18:00:00,19.60427500953674
2024-03-17 19:00:00,20.174454975414275
2024-03-17 20:00:00,20.479128353500368
2024-03-17 21:00:00,19.96646628599167
2024-03-17 22:00:00,20.209450027561196
2024-03-17 23:00:00,19.286764157104493
2024-03-18 00:00:00,19.45946901226044
2024-03-18 01:00:00,19.225713915634152
2024-03-18 02:00:00,18.55217871894837
2024-03-18 03:00:00,18.226626277160648
2024-03-18 04:00:00,19.492275745964047
2024-03-18 05:00:00,20.119384719848632
2024-03-18 06:00:00,22.042769610309602
2024-03-18 07:00:00,22.420755916690833
2024-03-18 08:00:00,23.55891373319626
2024-03-18 09:00:00,22.351611340904242
2024-03-18 10:00:00,19.735370339298246
2024-03-18 11:00:00,18.251523124694824
2024-03-18 12:00:00,17.529073626422882
2024-03-18 13:00:00,17.23114247407913
2024-03-18 14:00:00,16.867861077880857
2024-03-18 15:00:00,16.821988615417478
2024-03-18 16:00:00,17.564302958106992
2024-03-18 17:00:00,18.362396197509767
2024-03-18 18:00:00,19.05532460718155
2024-03-18 19:00:00,20.420022323036186
2024-03-18 20:00:00,20.938861547660828
2024-03-18 21:00:00,20.327983790206908
2024-03-18 22:00:00,19.492954361534117
2024-03-18 23:00:00,18.871433466053013
2024-03-19 00:00:00,20.042853408336637
2024-03-19 01:00:00,19.501071232795713
2024-03-19 02:00:00,18.95500583209991
2024-03-19 03:00:00,18.514005831336977
2024-03-19 04:00:00,18.974298729705808
2024-03-19 05:00:00,19.546341887950902
2024-03-19 06:00:00,21.389791672706608
2024-03-19 07:00:00,21.97746020355224
2024-03-19 08:00:00,23.488505560207365
2024-03-19 09:00:00,21.713346636390682
2024-03-19 10:00:00,18.02649816570282
2024-03-19 11:00:00,16.49512900733948
2024-03-19 12:00:00,15.789519149780276
2024-03-19 13:00:00,15.522571127510075
2024-03-19 14:00:00,15.394090684890749
2024-03-19 15:00:00,15.447090679645546
2024-03-19 16:00:00,15.565726286125187
2024-03-19 17:00:00,17.363922015762327
2024-03-19 18:00:00,18.37905989713669
2024-03-19 19:00:00,19.842192425251014
2024-03-19 20:00:00,20.333041088104252
2024-03-19 21:00:00,20.278374027442936
2024-03-19 22:00:00,19.207093890571592
2024-03-19 23:00:00,18.79335076522827
2024-03-20 00:00:00,21.524020450496682
